{
	"result": [{
			"name": "Self",
			"link": "https://www.linkpicture.com/q/FB_IMG_1564600263983.jpg",
			"linkliff": "Line://app/1603968955-ORWb9RdY/?type=text&text=self"
		},
		{
			"name": "Status",
			"link": "https://www.linkpicture.com/q/download-1_1.jpeg",
			"linkliff": "Line://app/1603968955-ORWb9RdY/?type=text&text=status"
		},
		{
			"name": "Settings",
			"link": "https://www.linkpicture.com/q/download-2_1.jpeg",
			"linkliff": "Line://app/1603968955-ORWb9RdY/?type=text&text=settings"
		},
		{
			"name": "List Token",
			"link": "https://www.linkpicture.com/q/download-8.jpeg",
			"linkliff": "Line://app/1603968955-ORWb9RdY/?type=text&text=list%20token"
		},
		{
			"name": "Group",
			"link": "https://www.linkpicture.com/q/download-4.jpeg",
			"linkliff": "Line://app/1603968955-ORWb9RdY/?type=text&text=group"
		},
		{
			"name": "Special",
			"link": "https://www.linkpicture.com/q/download-7.jpeg",
			"linkliff": "Line://app/1603968955-ORWb9RdY/?type=text&text=special"
		},
		{
			"name": "Media",
			"link": "https://www.linkpicture.com/q/download-12.jpeg",
			"linkliff": "Line://app/1603968955-ORWb9RdY/?type=text&text=media"
		},
		{
			"name": "Tag",
			"link": "https://www.linkpicture.com/q/download-3.jpeg",
			"linkliff": "Line://app/1603968955-ORWb9RdY/?type=text&text=tag"
		},
		{
			"name": "Bot",
			"link": "https://www.linkpicture.com/q/FB_IMG_1552190924526.jpg",
			"linkliff": "Line://app/1603968955-ORWb9RdY/?type=text&text=bot"
		},
		{
			"name": "About",
			"link": "https://www.linkpicture.com/q/FB_IMG_1534177154897.jpg",
			"linkliff": "Line://app/1603968955-ORWb9RdY/?type=text&text=About"
		}
	]
}
