{
    "hehe": {
        "STKID": "9681803",
        "STKPKGID": "1238608",
        "STKVER": "1"
    },
    "yeah": {
        "STKID": "9681814",
        "STKPKGID": "1238608",
        "STKVER": "1"
    },
    "ok": {
        "STKID": "57238627",
        "STKPKGID": "3901474",
        "STKVER": "1"
    },
    "ishq": {
        "STKID": "14980445",
        "STKPKGID": "1383526",
        "STKVER": "1"
    },
    "im": {
        "STKID": "10423027",
        "STKPKGID": "1257028",
        "STKVER": "1"
    },
    "leo": {
        "STKID": "13641343",
        "STKPKGID": "1340506",
        "STKVER": "1"
    },
    "good": {
        "STKID": "42841",
        "STKPKGID": "2046",
        "STKVER": "6"
    },
    "4you": {
        "STKID": "14072760",
        "STKPKGID": "1354540",
        "STKVER": "1"
    },
    "fake": {
        "STKID": "114088821",
        "STKPKGID": "5532408",
        "STKVER": "1"
    },
    "غزالة": {
        "STKID": "203138582",
        "STKPKGID": "8173605",
        "STKVER": "2"
    },
    "ya": {
        "STKID": "12519064",
        "STKPKGID": "6958",
        "STKVER": "4"
    },
    "lonely": {
        "STKID": "196172809",
        "STKPKGID": "7958136",
        "STKVER": "1"
    },
    "arsh": {
        "STKID": "199054227",
        "STKPKGID": "8049129",
        "STKVER": "1"
    },
    "by": {
        "STKID": "14980444",
        "STKPKGID": "1383526",
        "STKVER": "1"
    },
    "mine": {
        "STKID": "207270317",
        "STKPKGID": "8299051",
        "STKVER": "1"
    },
    "~": {
        "STKID": "1867906",
        "STKPKGID": "3296",
        "STKVER": "5"
    },
    "chill": {
        "STKID": "8244111",
        "STKPKGID": "1202910",
        "STKVER": "1"
    },
    "thank you": {
        "STKID": "139737223",
        "STKPKGID": "13321",
        "STKVER": "1"
    },
    "4u": {
        "STKID": "209854346",
        "STKPKGID": "8385026",
        "STKVER": "1"
    },
    "for you": {
        "STKID": "16233",
        "STKPKGID": "1006",
        "STKVER": "13"   
    },
    "my prince": {
        "STKID": "16232",
        "STKPKGID": "1006",
        "STKVER": "13"
    },
    "oh": {
        "STKID": "57238623",
        "STKPKGID": "3901474",
        "STKVER": "1"
    },
    "take it": {
        "STKID": "9681793",
        "STKPKGID": "1238608",
        "STKVER": "1"
    },
    "so": {
        "STKID": "15704851",
        "STKPKGID": "1406746",
        "STKVER": "1"    
    },
    "ofs": {
        "STKID": "9681819",
        "STKPKGID": "1238608",
        "STKVER": "1"
    },
    "why": {
        "STKID": "57238624",
        "STKPKGID": "3901474",
        "STKVER": "1"
    },
    "princes": {
        "STKID": "42860",
        "STKPKGID": "2046",
        "STKVER": "6"
    },
    "gudnyt": {
        "STKID": "18532729",
        "STKPKGID": "9061",
        "STKVER": "2"
    },
    "wow": {
        "STKID": "8244065",
        "STKPKGID": "1202910",
        "STKVER": "1"
    },
    "my jaan": {
        "STKID": "109221425",
        "STKPKGID": "5391285",
        "STKVER": "1"
    },
    "yes": {
        "STKID": "8244087",
        "STKPKGID": "1202910",
        "STKVER": "1"
    },
    "goodnyt": {
        "STKID": "8244075",
        "STKPKGID": "1202910",
        "STKVER": "1"
    },
    "up": {
        "STKID": "12519075",
        "STKPKGID": "6958",
        "STKVER": "4"
    },
    "lv": {
        "STKID": "12519063",
        "STKPKGID": "6958",
        "STKVER": "4"
    },
    "ook": {
        "STKID": "139737215",
        "STKPKGID": "13321",
        "STKVER": "1"
    },
    "go": {
        "STKID": "42845",
        "STKPKGID": "2046",
        "STKVER": "6"
    },
    "tnx": {
        "STKID": "12519066",
        "STKPKGID": "6958",
        "STKVER": "4"
    },
    "hmm": {
        "STKID": "16250",
        "STKPKGID": "1006",
        "STKVER": "13"
    },
    "home": {
        "STKID": "16248",
        "STKPKGID": "1006",
        "STKVER": "13"
    },
    "cute": {
        "STKID": "16227",
        "STKPKGID": "1006",
        "STKVER": "13"
    },
    "sorry": {
        "STKID": "16228",
        "STKPKGID": "1006",
        "STKVER": "13"
    },
    "lelo na": {
        "STKID": "178465113",
        "STKPKGID": "7406053",
        "STKVER": "2"
    },
    "oky": {
        "STKID": "172916768",
        "STKPKGID": "14060",
        "STKVER": "1"
    },
    "haha": {
        "STKID": "12519073",
        "STKPKGID": "6958",
        "STKVER": "4"
    },
    "thanks": {
        "STKID": "9681794",
        "STKPKGID": "1238608",
        "STKVER": "1"
    },
    "hm": {
        "STKID": "12519072",
        "STKPKGID": "6958",
        "STKVER": "4"
    }
}