{
    "info": {
        "u32c336452e99e2f93351251bfe5d5674": "isnan",
        "u505653091f686044c7a00d2fb8a8a9fd": "getod",
        "u507008f7d7eff80a48c39045e028b86f": "bob",
        "u50af9a492c53c7d0d6581f64e50b9c9f": "fit",
        "u5118a183512acdeadcc29a6298276de2": "fit",
        "u5a31c87ded167546e010a1b7edd36c72": "iyaaan",
        "u67ae64c90c91af8d20d8edbef8281dd5": "adduser",
        "u7b61ebd4f200118d22fd2f75b103c029": "@Fahmi",
        "u7cd95fff2c1f2430638e65e553edaff3": "riobangsat",
        "u86dfc65ecc1ed4aeeef72caff35906b4": "ipunk",
        "ucad303333969352466bfecd62089a1b4": "matbgsd"
    },
    "limit": {},
    "name": {
        "@Fahmi": {
            "mid": "u7b61ebd4f200118d22fd2f75b103c029",
            "pay": 1539725579.5820522,
            "runtime": 1537133579.5820522,
            "token": {}
        },
        "adduser": {
            "mid": "u67ae64c90c91af8d20d8edbef8281dd5",
            "pay": 1549855536.186289,
            "runtime": 1547263536.186289,
            "token": {}
        },
        "bob": {
            "mid": "u507008f7d7eff80a48c39045e028b86f",
            "pay": 1539680018.474067,
            "runtime": 1537088018.474067,
            "token": {}
        },
        "fit": {
            "mid": "u5118a183512acdeadcc29a6298276de2",
            "pay": 1541408219.7810657,
            "runtime": 1538816219.7810657,
            "token": {}
        },
        "getod": {
            "mid": "u505653091f686044c7a00d2fb8a8a9fd",
            "pay": 1540718772.4389312,
            "runtime": 1538126772.4389312,
            "token": {}
        },
        "ipunk": {
            "mid": "u86dfc65ecc1ed4aeeef72caff35906b4",
            "pay": 1541232205.9238286,
            "runtime": 1538640205.9238286,
            "token": {}
        },
        "isnan": {
            "mid": "u32c336452e99e2f93351251bfe5d5674",
            "pay": 1541243423.8371305,
            "runtime": 1538651423.8371305,
            "token": {}
        },
        "iyaaan": {
            "mid": "u5a31c87ded167546e010a1b7edd36c72",
            "pay": 1539754630.15917,
            "runtime": 1537162630.15917,
            "token": {}
        },
        "matbgsd": {
            "mid": "ucad303333969352466bfecd62089a1b4",
            "pay": 1539681978.70165,
            "runtime": 1537089978.70165,
            "token": {}
        },
        "riobangsat": {
            "mid": "u7cd95fff2c1f2430638e65e553edaff3",
            "pay": 1540357559.0904503,
            "runtime": 1537765559.0904503,
            "token": {}
        }
    }
}